file,visual_kmeans_lables,id
yga0721-20250430104332-2373904119741533,5,yga0721
yga0721-20250502174002-1261264749196499,5,yga0721
yga0721-20250429150341-1391040025446469,6,yga0721
yga0721-20250502110005-825213347238686,5,yga0721
yga0721-20250503001706-1460932138918279,3,yga0721
yga0721-20250430234205-927066019741199,6,yga0721
yga0721-20250430140758-1435500961616519,6,yga0721
yga0721-20250429162542-900814659316900,6,yga0721
yga0721-20250502070004-2345753715933560,6,yga0721
yga0721-20251106013248-1220563339578319,6,yga0721
yga0721-20250429190331-786042677168901,5,yga0721
yga0721-20250501204334-2130096337823392,5,yga0721
yga0721-20250502083058-1420619716263407,6,yga0721
yga0721-20250502080323-1226932216214578,2,yga0721
yga0721-20250501064141-895023786227361,5,yga0721
yga0721-20250928123209-3256577404526283,6,yga0721
yga0721-20250502072009-1295059725764097,5,yga0721
yga0721-20250502125542-926532136396806,5,yga0721
yga0721-20250501223707-2208394253232647,3,yga0721
yga0721-20250523021125-1532978657788554,6,yga0721
yga0721-20250213170746-908739578298355,2,yga0721
yga0721-20250408132842-1221883949463628,2,yga0721
yga0721-20250529112242-2382887622148423,6,yga0721
yga0721-20250502075250-1379219033508350,6,yga0721
yga0721-20251129004849-1404130634505530,5,yga0721
yga0721-20260112023602-1159441849602125,6,yga0721
yga0721-20250501223302-658580630647694,5,yga0721
yga0721-20250410015227-1612872329718733,2,yga0721
yga0721-20250430150716-1647560136598246,5,yga0721
yga0721-20250413024207-1585715752471770,5,yga0721
yga0721-20250502151514-2287160761769118,6,yga0721
yga0721-20250502134042-656422817530271,5,yga0721
yga0721-20250413023915-784793633972267,5,yga0721
yga0721-20250502180410-1676848297007948,5,yga0721
yga0721-20250213170746-3370347773115115,3,yga0721
yga0721-20250413023843-1566607064604943,5,yga0721
yga0721-20250413023653-1298942955590206,6,yga0721
yga0721-20250430071129-2058015628381818,6,yga0721
yga0721-20250430171203-844514891976541,5,yga0721
yga0721-20250503031533-912992564455620,3,yga0721
yga0721-20250430010051-2068895457380051,5,yga0721
yga0721-20250905113525-1225691793033658,5,yga0721
yga0721-20250502094951-1436511421363506,5,yga0721
yga0721-20250430054209-2275650622916016,6,yga0721
yga0721-20250731122527-929477109518096,5,yga0721
yga0721-20250429182852-1649514573079220,5,yga0721
yga0721-20250514050738-2170754950395377,5,yga0721
yga0721-20251113000137-3356917461127013,6,yga0721
yga0721-20251114085028-2645943862435142,6,yga0721
yga0721-20250828235156-866661932877617,6,yga0721
yga0721-20250430042309-917539137499884,5,yga0721
yga0721-20250502031932-1435473888322224,6,yga0721
yga0721-20250220014001-1529316312527257,6,yga0721
yga0721-20250501162909-1539532037160165,6,yga0721
yga0721-20250430193734-1605025540498877,6,yga0721
yga0721-20250918155822-1610095179999965,7,yga0721
yga0721-20250430125522-877444005138287,2,yga0721
yga0721-20250501185707-1229112955300860,5,yga0721
yga0721-20250226122417-2703635530003176,7,yga0721
yga0721-20250729123929-2114801712672936,6,yga0721
yga0721-20250301065726-906480315199841,6,yga0721
yga0721-20250502084532-1489265722757551,6,yga0721
yga0721-20250530021917-4281006648837448,5,yga0721
yga0721-20250830170718-1256430443060366,6,yga0721
yga0721-20250430190231-1844263766239525,6,yga0721
yga0721-20250501073604-921250637010955,5,yga0721
yga0721-20250501201603-941943621729255,5,yga0721
yga0721-20250731122459-893355403618240,3,yga0721
yga0721-20250306012006-1259968149368911,7,yga0721
yga0721-20250803180212-2486495065078340,5,yga0721
yga0721-20250704212839-33552474627729881,6,yga0721
yga0721-20250430125733-1359100772656550,6,yga0721
yga0721-20250605152552-916729230945020,3,yga0721
yga0721-20250501051915-1218402763201691,6,yga0721
yga0721-20251224233719-879591824716940,6,yga0721
yga0721-20250919052315-1824174681513645,6,yga0721
yga0721-20250315214621-1613398006745754,5,yga0721
yga0721-20250715214232-2000995290459307,6,yga0721
yga0721-20250528233229-904925422188220,6,yga0721
yga0721-20250430073059-878353441487241,3,yga0721
yga0721-20250629211712-700339856378001,5,yga0721
yga0721-20250810151826-881392754756410,3,yga0721
yga0721-20251018234450-2695298694159731,6,yga0721
yga0721-20250806013428-876176862050494,5,yga0721
yga0721-20250804020437-1218381220481244,7,yga0721
yga0721-20250613134815-1400747154314200,2,yga0721
yga0721-20250430121651-1429426552147072,6,yga0721
yga0721-20250323185335-2015572502705871,5,yga0721
yga0721-20250719145816-833847739705630,3,yga0721
yga0721-20250502041645-741298588748637,6,yga0721
yga0721-20250329090104-2138456880259989,3,yga0721
yga0721-20250905180808-756070243795094,5,yga0721
yga0721-20250503153511-2692705667759193,6,yga0721
yga0721-20250511093741-1235059551924886,5,yga0721
yga0721-20250909180928-2712851459067601,6,yga0721
yga0721-20250629121425-899298279147755,6,yga0721
yga0721-20250501203323-1252245530134541,5,yga0721
yga0721-20250430121906-2107310443391749,2,yga0721
yga0721-20250703144906-1599529917748519,5,yga0721
yga0721-20250429153705-1556612252302610,5,yga0721
yga0721-20250413143530-3557373997738779,5,yga0721
yga0721-20250501010658-1970174680379219,1,yga0721
yga0721-20250722150612-673119385822730,3,yga0721
yga0721-20250430132355-911246688132738,6,yga0721
yga0721-20250801204521-1399945411063914,2,yga0721
yga0721-20250502063107-728511056805502,5,yga0721
yga0721-20250712182949-2375706539609377,5,yga0721
yga0721-20250417051845-1640892114012921,7,yga0721
yga0721-20250805022955-1571883747355939,5,yga0721
yga0721-20250503053514-1415983970173746,6,yga0721
yga0721-20250525020946-1402414215013568,3,yga0721
yga0721-20250726013724-919756220581860,5,yga0721
yga0721-20250715102812-899308245836473,5,yga0721
yga0721-20250502043812-1447665770324166,5,yga0721
yga0721-20260122034232-1647891163043742,6,yga0721
yga0721-20250426140308-1470277038043280,5,yga0721
yga0721-20260116104856-912660264474887,6,yga0721
yga0721-20250502091851-858602230504081,5,yga0721
yga0721-20250504182600-2223193631423701,5,yga0721
yga0721-20250506012617-911189038118588,7,yga0721
yga0721-20250727142015-1613048089709392,3,yga0721
yga0721-20250718185626-890983677181770,5,yga0721
yga0721-20250705105813-2651614961884089,6,yga0721
yga0721-20250626215409-1535509637524594,3,yga0721
yga0721-20250515235415-850859514623118,6,yga0721
yga0721-20250705151508-4291578684418300,5,yga0721
yga0721-20250520160415-2349679782174214,5,yga0721
yga0721-20250902010613-991664566848740,6,yga0721
yga0721-20250522101914-873927072112123,7,yga0721
yga0721-20250522113022-2605824863107374,5,yga0721
yga0721-20250523150647-1454968552999354,6,yga0721
yga0721-20250526152641-1416585346683467,6,yga0721
yga0721-20250709084015-1941790690091288,1,yga0721
yga0721-20250529215949-1257480859591563,6,yga0721
yga0721-20250616052548-1257175609627307,5,yga0721
yga0721-20250829080756-2706850363035029,6,yga0721
yga0721-20250912072517-1393799935822109,6,yga0721
yga0721-20250531012447-836728099343237,6,yga0721
yga0721-20250602002243-1832611984112063,5,yga0721
yga0721-20250604215252-1993435711610587,6,yga0721
yga0721-20250721201254-25950549954575805,5,yga0721
yga0721-20250606013050-1398393441780729,3,yga0721
yga0721-20250609090720-1402024218067507,6,yga0721
yga0721-20250629233447-1449591370216406,1,yga0721
yga0721-20250728002308-741984545640716,7,yga0721
yga0721-20250611065317-734448796165919,3,yga0721
yga0721-20250611065634-2360894914350137,5,yga0721
yga0721-20250919011014-1414797209996996,5,yga0721
yga0721-20250613070422-1215001484101811,6,yga0721
yga0721-20250616013144-874494918837112,5,yga0721
yga0721-20250619155016-5187689608122001,7,yga0721
yga0721-20250628071940-2068888097298707,5,yga0721
yga0721-20250627230621-1613223593356507,3,yga0721
yga0721-20250630124033-1085900153665565,6,yga0721
yga0721-20250723133158-905280195794320,6,yga0721
yga0721-20250629100015-4466633000236611,2,yga0721
yga0721-20250708005459-25531643466507774,5,yga0721
yga0721-20250711010622-1551087129303341,7,yga0721
yga0721-20250706214259-1696376831333422,6,yga0721
yga0721-20250706123635-2100026870760104,5,yga0721
yga0721-20250718012706-25955036230759552,2,yga0721
yga0721-20250711025747-881024924693052,7,yga0721
yga0721-20250712050033-783573714778400,2,yga0721
yga0721-20250706163809-2087360868696909,5,yga0721
yga0721-20250710113531-1800633310644500,5,yga0721
yga0721-20251119153452-781186238348935,6,yga0721
yga0721-20250725073712-1646308060054770,6,yga0721
yga0721-20250802031151-2098540644236064,5,yga0721
yga0721-20250911190449-26406887015602079,3,yga0721
yga0721-20250804225118-866453429346134,5,yga0721
yga0721-20250715162131-2896557257348821,7,yga0721
yga0721-20251202103731-25494526250250449,6,yga0721
yga0721-20250719104325-1458608025866010,5,yga0721
yga0721-20250806214413-1408898277454591,5,yga0721
yga0721-20260117032651-3251586911683343,6,yga0721
yga0721-20251019035212-914954481483519,6,yga0721
yga0721-20250730203416-1397359574748953,7,yga0721
yga0721-20260114184559-903147928866353,5,yga0721
yga0721-20250728184551-1535225580900095,3,yga0721
yga0721-20250727052450-1916318729761730,5,yga0721
yga0721-20250729230027-1574700413751901,6,yga0721
yga0721-20250830085646-1641900773486005,7,yga0721
yga0721-20250728102646-1257482552967972,5,yga0721
yga0721-20250805082209-824914737270954,5,yga0721
yga0721-20250907160259-1433663305146799,6,yga0721
yga0721-20250731003224-2306346656531665,6,yga0721
yga0721-20250806204259-1470864631424770,5,yga0721
yga0721-20250806183204-982280837529664,5,yga0721
yga0721-20250806111807-1262603739046124,6,yga0721
yga0721-20250814134808-1234004988869747,3,yga0721
yga0721-20250807095722-1838233604230111,5,yga0721
yga0721-20250806115252-1380261233365490,6,yga0721
yga0721-20250807022618-751080864325860,6,yga0721
yga0721-20250807001910-1405927801032612,6,yga0721
yga0721-20250807004046-1209805667525406,5,yga0721
yga0721-20250821133159-896951252717299,7,yga0721
yga0721-20250821123310-1206568468289055,5,yga0721
yga0721-20250812021958-1244855834282428,3,yga0721
yga0721-20251030161700-924138466826823,5,yga0721
yga0721-20250813172207-1930190404243851,5,yga0721
yga0721-20250814075453-1310205954200438,5,yga0721
yga0721-20250815001530-1555000902224470,6,yga0721
yga0721-20250816165830-781014501072898,5,yga0721
yga0721-20250815212818-1254296250142147,3,yga0721
yga0721-20251119071610-952752077924332,5,yga0721
yga0721-20250819065659-2302485320274289,3,yga0721
yga0721-20250818233149-4240028686249942,3,yga0721
yga0721-20250821225202-902713689074892,6,yga0721
yga0721-20250821202113-1810293213017862,5,yga0721
yga0721-20250822234919-1441649583984325,6,yga0721
yga0721-20250823143407-1852784162070780,5,yga0721
yga0721-20250828230651-1413473406899447,7,yga0721
yga0721-20250826224319-1569044451047267,6,yga0721
yga0721-20250913095540-1221745036716562,5,yga0721
yga0721-20250831153124-1617152479473683,5,yga0721
yga0721-20250829232008-2094510238056050,6,yga0721
yga0721-20250901144331-1166295868722580,3,yga0721
yga0721-20250901153505-1727749354874830,5,yga0721
yga0721-20250903125607-893272263061223,5,yga0721
yga0721-20250903204804-1241542274066298,3,yga0721
yga0721-20250904064433-1184984440075240,2,yga0721
yga0721-20250921231110-1670501744110809,5,yga0721
yga0721-20250910111103-1431321738604586,1,yga0721
yga0721-20250920212153-1350077320140330,5,yga0721
yga0721-20250923213751-1607174237144404,3,yga0721
yga0721-20250913013718-1208344100967893,3,yga0721
yga0721-20250912230145-1427336525769340,5,yga0721
yga0721-20250913225418-1629294755090706,6,yga0721
yga0721-20250915014718-1170732085262688,2,yga0721
yga0721-20250916142353-883959514446516,6,yga0721
yga0721-20250915075121-1621352925689269,6,yga0721
yga0721-20250918230008-26284463754516718,7,yga0721
yga0721-20250922001009-874367475382317,5,yga0721
yga0721-20250923063255-1430546525083768,6,yga0721
yga0721-20250919221230-1575256410196989,6,yga0721
yga0721-20251005000011-25663415836673157,2,yga0721
yga0721-20250920171009-911241658091966,5,yga0721
yga0721-20250922005915-952776591258688,5,yga0721
yga0721-20250923002750-1467248254821313,6,yga0721
yga0721-20251025113734-930454055982757,2,yga0721
yga0721-20250924230728-762949649739521,6,yga0721
yga0721-20250924171048-898299793182730,6,yga0721
yga0721-20250926211036-1610278453435012,6,yga0721
yga0721-20250926164007-1295657652387762,5,yga0721
yga0721-20250926225007-1436545851145528,6,yga0721
yga0721-20250929203643-888537130816060,2,yga0721
yga0721-20251001123008-1259792386045014,6,yga0721
yga0721-20250929220530-1231710498457038,5,yga0721
yga0721-20251002081920-1402457637767487,3,yga0721
yga0721-20251003232011-770920818844188,6,yga0721
yga0721-20251005235009-912475701269964,6,yga0721
yga0721-20251004033131-1241637944603884,5,yga0721
yga0721-20251004173136-870885275816547,1,yga0721
yga0721-20251005062007-1258879526128023,6,yga0721
yga0721-20251005033339-1215004676874657,3,yga0721
yga0721-20251008142628-1633075711162998,7,yga0721
yga0721-20251007120219-1463066038564887,5,yga0721
yga0721-20251219132941-1395115728766267,2,yga0721
yga0721-20251026174128-1417237203128930,5,yga0721
yga0721-20251015152341-1977315292881961,5,yga0721
yga0721-20251013134148-1230822015911894,2,yga0721
yga0721-20251013181532-2918936331636927,6,yga0721
yga0721-20251013220230-1982871065977263,5,yga0721
yga0721-20251028044341-2037107243499059,5,yga0721
yga0721-20251020184050-793817099642908,3,yga0721
yga0721-20251019210620-1271148154894870,5,yga0721
yga0721-20251021212502-1604429480868716,5,yga0721
yga0721-20251024170605-2324710218035497,6,yga0721
yga0721-20251027194711-895231589776484,6,yga0721
yga0721-20251027183210-1330034808992419,3,yga0721
yga0721-20251029195112-878431134935680,6,yga0721
yga0721-20251025212720-1468770235251102,6,yga0721
yga0721-20251107225048-906259018469448,5,yga0721
yga0721-20251030082545-1390800325428057,6,yga0721
yga0721-20251110160459-1944668653073218,3,yga0721
yga0721-20251102004006-1856399112429830,5,yga0721
yga0721-20251103134007-2076356776463976,5,yga0721
yga0721-20251230170914-4279743012282492,6,yga0721
yga0721-20251101224010-2349571305557691,3,yga0721
yga0721-20251105141132-1749265679740397,6,yga0721
yga0721-20251107105235-1484062010102127,3,yga0721
yga0721-20251110180226-1442817130533518,6,yga0721
yga0721-20251109075012-934799999001691,5,yga0721
yga0721-20251108215144-1231917712375400,6,yga0721
yga0721-20251111222122-1231051391878533,5,yga0721
yga0721-20251217043350-1233832744779558,5,yga0721
yga0721-20251114222751-770071272263581,6,yga0721
yga0721-20251112002812-1289568972998605,6,yga0721
yga0721-20251113003402-883393160973767,5,yga0721
yga0721-20251114091621-897985266289452,5,yga0721
yga0721-20251115010349-3916688691794742,3,yga0721
yga0721-20251119012032-25000874799588003,5,yga0721
yga0721-20251116230817-889844317086249,6,yga0721
yga0721-20251121115711-25702245019444404,2,yga0721
yga0721-20251123112330-2413746975762517,6,yga0721
yga0721-20251120083522-1830806040963339,7,yga0721
yga0721-20251123201658-1103403578516043,5,yga0721
yga0721-20251124010648-2020431305179618,6,yga0721
yga0721-20251121183951-881058141560939,6,yga0721
yga0721-20251122175320-908145291665225,6,yga0721
yga0721-20251123014917-4202779930037469,6,yga0721
yga0721-20251127121138-25954590340844321,6,yga0721
yga0721-20251128121013-1520198965737348,3,yga0721
yga0721-20251203093825-1576670590043687,6,yga0721
yga0721-20251203101259-914368751131135,6,yga0721
yga0721-20251130232208-902750299379297,6,yga0721
yga0721-20251202002633-33601574882824513,2,yga0721
yga0721-20251217225311-880000134808416,1,yga0721
yga0721-20251206124533-2108353243251187,5,yga0721
yga0721-20251210181837-1569399874752746,6,yga0721
yga0721-20251211180534-4151068018482156,5,yga0721
yga0721-20251211125753-850235071349349,6,yga0721
yga0721-20260105133011-1428873152152798,5,yga0721
yga0721-20260112165506-2285579158635869,5,yga0721
yga0721-20251214001653-1290660226232574,3,yga0721
yga0721-20251215025005-904453225307296,3,yga0721
yga0721-20251218175206-1535738550829568,6,yga0721
yga0721-20251216155007-1480388660174522,3,yga0721
yga0721-20251213155313-2162735321141783,5,yga0721
yga0721-20251213233045-4209727592582245,6,yga0721
yga0721-20251219124958-1600594337760244,3,yga0721
yga0721-20251219224246-1168996938389995,6,yga0721
yga0721-20251220133505-2118955115558839,6,yga0721
yga0721-20251220195159-1170335291631701,5,yga0721
yga0721-20251217071122-1228634392093358,6,yga0721
yga0721-20251218010935-913042027842569,7,yga0721
yga0721-20251222191315-1248366127179217,6,yga0721
yga0721-20251223182603-1397173558679059,5,yga0721
yga0721-20251219154148-906750758977035,6,yga0721
yga0721-20260115185959-1390835428968362,5,yga0721
yga0721-20251220233011-1081256524141291,5,yga0721
yga0721-20251227165935-900966278990463,5,yga0721
yga0721-20260130145130-4198996967083350,6,yga0721
yga0721-20251229124936-1438014254336388,5,yga0721
yga0721-20260107161531-4441482986177074,5,yga0721
yga0721-20251227013219-866842332816818,6,yga0721
yga0721-20251231161916-2305917603165964,5,yga0721
yga0721-20251228091903-1663189805062050,6,yga0721
yga0721-20260101195510-3164525497041991,5,yga0721
yga0721-20251231002329-1580672813253563,6,yga0721
achusan0817-20250522071346-1427164119064164,6,achusan0817
achusan0817-20250204172645-1588158132412448,5,achusan0817
achusan0817-20250802181312-1930533867546917,6,achusan0817
achusan0817-20250803080020-25716524344622646,5,achusan0817
achusan0817-20250217194630-1227889482773274,6,achusan0817
achusan0817-20250404122027-25659963616959712,5,achusan0817
achusan0817-20250905220623-679764201820887,6,achusan0817
achusan0817-20250724160215-1527634674965258,6,achusan0817
achusan0817-20250717105820-836789582667721,2,achusan0817
achusan0817-20250806155403-882627378029897,6,achusan0817
achusan0817-20250804185510-775133925642645,6,achusan0817
achusan0817-20250702080721-33631434833138912,6,achusan0817
achusan0817-20250804014139-1702890164455275,6,achusan0817
achusan0817-20250803093020-2787484758266371,6,achusan0817
achusan0817-20260121110932-1449050630347015,6,achusan0817
achusan0817-20260107223423-1208897204751598,6,achusan0817
achusan0817-20250725044105-1408172037450523,6,achusan0817
achusan0817-20250807010822-771372086008052,3,achusan0817
achusan0817-20250721225935-1090147769904319,6,achusan0817
achusan0817-20250806004714-1228257948703376,6,achusan0817
achusan0817-20250914103407-1656415559010516,6,achusan0817
achusan0817-20250803191406-1231461265598463,6,achusan0817
achusan0817-20250807022936-1430880395294793,6,achusan0817
achusan0817-20250811123419-1349577523605812,5,achusan0817
achusan0817-20250807041655-895116943103300,5,achusan0817
achusan0817-20250810112126-795646443566937,5,achusan0817
achusan0817-20250815181112-2389904224795173,6,achusan0817
achusan0817-20250818214149-1239658971602443,6,achusan0817
achusan0817-20250826151240-1605862287318959,6,achusan0817
achusan0817-20250901192923-1600821540942041,6,achusan0817
achusan0817-20250920201247-1439062357802345,6,achusan0817
achusan0817-20250918135536-1330587915773020,6,achusan0817
achusan0817-20250921153559-1381876039900474,6,achusan0817
achusan0817-20250925133654-922015633603430,6,achusan0817
achusan0817-20250930210312-1876911423014804,6,achusan0817
achusan0817-20251005165330-1371097751458784,6,achusan0817
achusan0817-20251016181100-1527070421734299,6,achusan0817
achusan0817-20251020041127-1416078949964131,6,achusan0817
achusan0817-20251018190031-25647401174887427,6,achusan0817
achusan0817-20251021205011-929267202828667,6,achusan0817
achusan0817-20260118190514-829402533445981,6,achusan0817
achusan0817-20251031174007-1428620308957643,6,achusan0817
achusan0817-20251103194117-1290363346481779,6,achusan0817
achusan0817-20251103180233-2073119686811894,6,achusan0817
achusan0817-20251114214552-1208312338051365,6,achusan0817
achusan0817-20251121181006-1291112863068477,6,achusan0817
achusan0817-20251121020353-1166937888848855,6,achusan0817
achusan0817-20251122202947-1550447156212193,6,achusan0817
achusan0817-20251201222753-1522640228811404,6,achusan0817
achusan0817-20251208075547-1514350370109742,6,achusan0817
achusan0817-20251210194800-1194464255774484,6,achusan0817
achusan0817-20251226220205-1981962749032820,6,achusan0817
achusan0817-20260102024041-908347338342616,6,achusan0817
602avenue-20250710170713-2159436944811930,3,602avenue
602avenue-20250629180741-934671635776580,3,602avenue
602avenue-20250828221048-1971490927580251,7,602avenue
602avenue-20250513145122-944323957950761,3,602avenue
602avenue-20250607102625-1849403705754123,3,602avenue
602avenue-20260219004708-3415625351910325,3,602avenue
602avenue-20250916121005-1196589175797791,3,602avenue
602avenue-20260111140247-2364843953997562,5,602avenue
602avenue-20250714164523-936684499042263,3,602avenue
602avenue-20250829135501-940225325005093,3,602avenue
602avenue-20260120230402-1975309876744182,3,602avenue
602avenue-20250325210954-1260216609536513,3,602avenue
602avenue-20250908045808-2110197666502883,6,602avenue
602avenue-20250804231758-2511421519328039,3,602avenue
602avenue-20250712143848-2811167015888769,3,602avenue
602avenue-20250712143054-842897732098426,3,602avenue
602avenue-20260121145224-1972752933641910,7,602avenue
602avenue-20250803205058-938063301943846,3,602avenue
602avenue-20250806212604-912409261508309,3,602avenue
602avenue-20250802082520-2309855456177572,3,602avenue
602avenue-20250903003341-1427376322379532,7,602avenue
602avenue-20260125044333-927105863148675,3,602avenue
602avenue-20250807002852-2106322826609785,7,602avenue
602avenue-20251201055625-1481096953416968,3,602avenue
602avenue-20250916071059-2465000727347961,7,602avenue
602avenue-20250715190845-1099350148989767,3,602avenue
602avenue-20250506211927-1803108593693910,3,602avenue
602avenue-20250914055654-782426894423252,3,602avenue
602avenue-20250516210902-959506466750463,3,602avenue
602avenue-20250720235627-1716019942709266,7,602avenue
602avenue-20250601184040-1230149232646180,7,602avenue
602avenue-20251106071203-962486793189013,3,602avenue
602avenue-20260109132629-924738616677753,7,602avenue
602avenue-20250918114407-4401971093414194,3,602avenue
602avenue-20250726151226-1252762293046350,7,602avenue
602avenue-20250627191217-1602320041017233,7,602avenue
602avenue-20250906163551-938002218679752,7,602avenue
602avenue-20251030210801-26331639713192029,3,602avenue
602avenue-20250731174016-1325453419501890,7,602avenue
602avenue-20250703111453-1082559920699689,7,602avenue
602avenue-20251206010102-766051776558537,6,602avenue
602avenue-20250805214727-1450856373316085,5,602avenue
602avenue-20250801224831-2139284233580966,5,602avenue
602avenue-20250729124534-904960372274534,3,602avenue
602avenue-20260112190131-1394718919119484,3,602avenue
602avenue-20250801095450-1645112699837451,5,602avenue
602avenue-20250726021906-860122550404820,5,602avenue
602avenue-20250828112640-788147827666935,7,602avenue
602avenue-20250806225241-1272624531434555,2,602avenue
602avenue-20250710154155-1377385277526312,7,602avenue
602avenue-20250715172654-1450613046696169,2,602avenue
602avenue-20250911063740-2136828867064032,7,602avenue
602avenue-20250804133012-2923573717846842,3,602avenue
602avenue-20250916140317-2146969699474406,3,602avenue
602avenue-20250731000049-26480570988201193,6,602avenue
602avenue-20250806185742-26562818783310919,3,602avenue
602avenue-20250731222326-1230623558669723,7,602avenue
602avenue-20260117081748-893200399996588,3,602avenue
602avenue-20250730235835-748600094995724,2,602avenue
602avenue-20250804164332-1251916850343276,3,602avenue
602avenue-20260103072930-1795776241092994,2,602avenue
602avenue-20250807001026-1176935484304428,2,602avenue
602avenue-20250805081815-1738791200417408,2,602avenue
602avenue-20250806230806-1119024990324988,2,602avenue
602avenue-20250806184752-806158188446842,7,602avenue
602avenue-20250809030407-1226719889639629,3,602avenue
602avenue-20250806114102-917477503971301,7,602avenue
602avenue-20250807200249-894250386943085,2,602avenue
602avenue-20250806214054-904951825446691,7,602avenue
602avenue-20251019173720-2515206358904070,3,602avenue
602avenue-20250806234225-3042543655946321,7,602avenue
602avenue-20250805210954-927950859686186,2,602avenue
602avenue-20250807040308-1498071125018404,3,602avenue
602avenue-20250807000837-889330870603128,2,602avenue
602avenue-20250807201152-1637007510647234,3,602avenue
602avenue-20250808084326-1976796079894900,3,602avenue
602avenue-20250808102440-4316506568637027,7,602avenue
602avenue-20251026202523-910312698580439,2,602avenue
602avenue-20250813232242-1581780132916121,7,602avenue
602avenue-20250831174456-1633955184407778,3,602avenue
602avenue-20250817191912-1935634657049911,2,602avenue
602avenue-20250818111146-2382062982307952,7,602avenue
602avenue-20250824105026-731545473222900,3,602avenue
602avenue-20250826015122-930044359970710,3,602avenue
602avenue-20251004230118-4550349285197115,3,602avenue
602avenue-20251213135121-1682959279745126,3,602avenue
602avenue-20250826230057-917231461039040,3,602avenue
602avenue-20251004225909-1713898022917032,7,602avenue
602avenue-20251004225642-784727458020409,3,602avenue
602avenue-20250831231117-1413345207245543,3,602avenue
602avenue-20251004225444-1771791213427715,2,602avenue
602avenue-20250901215730-933534402456325,3,602avenue
602avenue-20251004225403-1509824430504308,2,602avenue
602avenue-20260108114729-2811814012484271,3,602avenue
602avenue-20251004225339-954428153921206,2,602avenue
602avenue-20251004225132-1414208536851963,7,602avenue
602avenue-20251004225112-2279567686163662,3,602avenue
602avenue-20251004225052-1271100831843680,2,602avenue
602avenue-20251004225030-1901978247355022,2,602avenue
602avenue-20251004224953-947749921243917,7,602avenue
602avenue-20251004224913-3914362718862878,3,602avenue
602avenue-20251004224806-935976715533237,3,602avenue
602avenue-20251004224119-2098058947647950,7,602avenue
602avenue-20250927181140-1220871220227256,2,602avenue
602avenue-20251004224006-1972741913277807,7,602avenue
602avenue-20251004223902-1452990086411173,2,602avenue
602avenue-20251004223828-2149119769236212,2,602avenue
602avenue-20251004223629-1234127138906985,3,602avenue
602avenue-20251004223534-2768283930190910,2,602avenue
602avenue-20251005103223-1194918055760651,2,602avenue
602avenue-20251004223256-4427421820918284,2,602avenue
602avenue-20251004223240-1957646064831386,7,602avenue
602avenue-20250927160712-1321140149839585,7,602avenue
602avenue-20251004223218-860949573612842,2,602avenue
602avenue-20251004223145-1473804247673498,3,602avenue
602avenue-20250930201302-25844281975222990,2,602avenue
602avenue-20251004223125-3921672571467644,3,602avenue
602avenue-20251004223107-1470419731377193,3,602avenue
602avenue-20251004222425-903219402634583,2,602avenue
602avenue-20260218150728-2891765657830569,2,602avenue
602avenue-20251009134537-1613408876362831,6,602avenue
602avenue-20251007011513-1507091624312001,6,602avenue
602avenue-20251009231051-903719485753772,6,602avenue
602avenue-20251009094243-1224615499859600,2,602avenue
602avenue-20251016221606-2049334382302442,3,602avenue
602avenue-20251025114200-952039577351312,3,602avenue
602avenue-20251018235235-34002091412771350,3,602avenue
602avenue-20251021203659-973026438386525,7,602avenue
602avenue-20251022092532-790103797460776,3,602avenue
602avenue-20251021182133-1246665010753585,2,602avenue
602avenue-20251107144044-1125085326339984,3,602avenue
602avenue-20251101122217-784265324728259,7,602avenue
602avenue-20260115003533-1658920148612345,7,602avenue
602avenue-20251109020712-1648914449891960,7,602avenue
602avenue-20251109200135-714178585111970,7,602avenue
602avenue-20251116105010-934495962310284,3,602avenue
602avenue-20251111074812-1944015249534557,3,602avenue
602avenue-20251111074625-1223562819958735,3,602avenue
602avenue-20251111215701-4551112028449845,7,602avenue
602avenue-20251116073727-1863804610942042,2,602avenue
602avenue-20251221190238-1211844587598406,3,602avenue
602avenue-20251113224141-1651039129752044,3,602avenue
602avenue-20260119134356-808609148921006,3,602avenue
602avenue-20251125161958-1658403988481906,6,602avenue
602avenue-20251123101825-1445147247268775,6,602avenue
602avenue-20251128221356-961894563162870,7,602avenue
602avenue-20251128234900-889313887344869,3,602avenue
602avenue-20251204121217-34000951892853627,3,602avenue
602avenue-20251204110706-941200628346160,2,602avenue
602avenue-20251207202330-1282168300488185,3,602avenue
602avenue-20251216133625-1832989737411134,3,602avenue
602avenue-20251214230101-1460447632332219,7,602avenue
602avenue-20251219201939-789388173642977,7,602avenue
602avenue-20251224211316-1791840535556162,2,602avenue
602avenue-20251220234420-2798538153871484,3,602avenue
602avenue-20260116074456-1498690531588949,2,602avenue
602avenue-20251219140122-1243321024595615,3,602avenue
602avenue-20251222004914-760102910192256,3,602avenue
602avenue-20251221031811-1623095825510661,2,602avenue
602avenue-20251225215225-785117034638651,2,602avenue
602avenue-20251225233132-894848610003383,2,602avenue
602avenue-20251223172436-1577403436826512,2,602avenue
602avenue-20251230184158-1562343488323125,5,602avenue
602avenue-20251227093123-924603703611637,7,602avenue
602avenue-20251227152607-1247832960774728,2,602avenue
602avenue-20251228014345-1467337284905150,2,602avenue
602avenue-20260127180504-1247881683339519,7,602avenue
602avenue-20260102140813-903194639364338,3,602avenue
602avenue-20260102024611-944563761409955,2,602avenue
2uncle987-20250501162747-2106914173409245,5,2uncle987
2uncle987-20250510171615-773118798591430,5,2uncle987
2uncle987-20250430105442-2755643494807747,5,2uncle987
2uncle987-20250918184821-1749299216321208,7,2uncle987
2uncle987-20250727043748-1569088807473320,3,2uncle987
2uncle987-20250623234949-686259014480695,3,2uncle987
2uncle987-20250311234240-1809547633082933,2,2uncle987
2uncle987-20251201091754-883817217723256,3,2uncle987
2uncle987-20250808220808-1581382166473593,5,2uncle987
2uncle987-20250408011338-1590649938850708,6,2uncle987
2uncle987-20250311234240-1340376461180042,5,2uncle987
2uncle987-20250502025450-1239391194952856,5,2uncle987
2uncle987-20250311234240-1855561948426789,7,2uncle987
2uncle987-20250311234240-4391363607848498,5,2uncle987
2uncle987-20250430101912-2638194816550070,5,2uncle987
2uncle987-20250804051557-1427385288784211,6,2uncle987
2uncle987-20251014132341-1208703947568849,5,2uncle987
2uncle987-20250311234240-1608755680280839,5,2uncle987
2uncle987-20251023040938-788537414265266,5,2uncle987
2uncle987-20251022232151-866167059582381,2,2uncle987
2uncle987-20250311234240-1452721199522481,3,2uncle987
2uncle987-20250311234240-930164589343812,7,2uncle987
2uncle987-20250430055219-901286529149391,5,2uncle987
2uncle987-20250604171540-1225445875663624,5,2uncle987
2uncle987-20250730000327-911616345152353,7,2uncle987
2uncle987-20250802174157-2027702238094085,5,2uncle987
2uncle987-20250311234240-2154329232039354,2,2uncle987
2uncle987-20250311234240-891129847100489,5,2uncle987
2uncle987-20250501041533-879161084823309,7,2uncle987
2uncle987-20250430071017-1466160515142579,6,2uncle987
2uncle987-20250311234240-26070104545952395,5,2uncle987
2uncle987-20250311234240-1464531031917525,7,2uncle987
2uncle987-20250429232805-3367950476706164,5,2uncle987
2uncle987-20250311234240-866719122902138,3,2uncle987
2uncle987-20250311234240-1610689976788767,6,2uncle987
2uncle987-20250530001632-1262838199072225,7,2uncle987
2uncle987-20250311234240-1201464022133636,5,2uncle987
2uncle987-20250311234240-1427070938973651,3,2uncle987
2uncle987-20250925030238-2419519848508552,7,2uncle987
2uncle987-20250503055422-1575041640448298,5,2uncle987
2uncle987-20250629185916-2015452819399860,5,2uncle987
2uncle987-20250314025252-1580395999867290,5,2uncle987
2uncle987-20250806194636-3389966667808908,5,2uncle987
2uncle987-20250503190317-1439851741049965,5,2uncle987
2uncle987-20250324075334-1286548589951164,5,2uncle987
2uncle987-20250321191757-26095855576706977,5,2uncle987
2uncle987-20251031130658-3608276132648903,5,2uncle987
2uncle987-20250326095233-871834575765944,5,2uncle987
2uncle987-20250328115255-3145341432315176,3,2uncle987
2uncle987-20250326202016-1857351981650044,5,2uncle987
2uncle987-20250805193344-25629138400069440,7,2uncle987
2uncle987-20250329205223-848769961547348,5,2uncle987
2uncle987-20250402162250-1575185317066978,5,2uncle987
2uncle987-20250511083508-1525130311897470,7,2uncle987
2uncle987-20250501130513-2176015019870335,5,2uncle987
2uncle987-20250405215045-879801761328248,3,2uncle987
2uncle987-20250502235454-901486095797894,3,2uncle987
2uncle987-20250430130530-1423528639150892,5,2uncle987
2uncle987-20250410233102-913680811068139,5,2uncle987
2uncle987-20250411223112-1200946185559551,3,2uncle987
2uncle987-20260104214626-1647983856556851,7,2uncle987
2uncle987-20250418181824-1419557516214988,7,2uncle987
2uncle987-20250418221029-1198286555698087,5,2uncle987
2uncle987-20250529205546-1216064273965700,7,2uncle987
2uncle987-20250430141230-1884532292262859,5,2uncle987
2uncle987-20250421014147-1729628418423411,7,2uncle987
2uncle987-20250806230915-1600942304150081,7,2uncle987
2uncle987-20250502172928-799488819822396,5,2uncle987
2uncle987-20250425023002-1374593811174758,7,2uncle987
2uncle987-20250430190712-1216105426721999,7,2uncle987
2uncle987-20250628195039-1911215139504147,5,2uncle987
2uncle987-20250503210820-1580947696556909,3,2uncle987
2uncle987-20250507182822-33683992861215907,5,2uncle987
2uncle987-20250506122114-2008438923348550,6,2uncle987
2uncle987-20250701213031-1643973796776748,5,2uncle987
2uncle987-20250722140824-1533528167732641,6,2uncle987
2uncle987-20250509103019-1240686807996493,6,2uncle987
2uncle987-20250710215016-2623189144721356,5,2uncle987
2uncle987-20250831045118-1427351135708237,5,2uncle987
2uncle987-20250515233711-1225820815642410,5,2uncle987
2uncle987-20250618032106-1388723549131677,1,2uncle987
2uncle987-20250727001008-1570135097369071,5,2uncle987
2uncle987-20250702234017-1152186053567339,2,2uncle987
2uncle987-20250521220954-892564263496828,5,2uncle987
2uncle987-20250526230323-1431161831923605,3,2uncle987
2uncle987-20250529023105-749521638211689,2,2uncle987
2uncle987-20250601095023-25611298551845742,7,2uncle987
2uncle987-20250712013125-1385594933298506,5,2uncle987
2uncle987-20250604213238-3495084214001157,7,2uncle987
2uncle987-20250603165935-25906542635679758,2,2uncle987
2uncle987-20250705091047-900780652745104,6,2uncle987
2uncle987-20250605090046-2393171897851904,5,2uncle987
2uncle987-20251109203501-1928924717705721,3,2uncle987
2uncle987-20250914125753-4243332399264768,5,2uncle987
2uncle987-20250608222244-1410631887525637,5,2uncle987
2uncle987-20250611132512-2065738990891425,6,2uncle987
2uncle987-20260103083749-914925747736271,3,2uncle987
2uncle987-20250615025528-919478360616509,5,2uncle987
2uncle987-20250619132417-779886824606144,5,2uncle987
2uncle987-20250619123657-815094391547308,6,2uncle987
2uncle987-20250619020821-1192028069754942,2,2uncle987
2uncle987-20250701180101-1296094895886114,2,2uncle987
2uncle987-20250904233500-1376584753788597,2,2uncle987
2uncle987-20250707132838-915350267614259,2,2uncle987
2uncle987-20251031094705-1934733294104947,2,2uncle987
2uncle987-20250703225511-925919286783751,7,2uncle987
2uncle987-20250911072924-1542878226791732,7,2uncle987
2uncle987-20250805020742-1257351159672862,2,2uncle987
2uncle987-20250806191425-4424905224459743,7,2uncle987
2uncle987-20250909194913-1292554052706346,6,2uncle987
2uncle987-20250926034606-1266597201989175,3,2uncle987
2uncle987-20250711210910-1203212011966609,2,2uncle987
2uncle987-20250720101538-919882793819676,3,2uncle987
2uncle987-20250803114343-1215105683565693,5,2uncle987
2uncle987-20250720141653-1402413274662865,5,2uncle987
2uncle987-20250725065700-866685696201515,3,2uncle987
2uncle987-20250727175654-793021490480798,7,2uncle987
2uncle987-20250807034515-1459108528892891,6,2uncle987
2uncle987-20251108135506-2713624765663577,2,2uncle987
2uncle987-20250911101127-1228145732796340,6,2uncle987
2uncle987-20250723001536-823105797438689,2,2uncle987
2uncle987-20250807012059-3014813485368400,5,2uncle987
2uncle987-20250912132101-2072405503600173,5,2uncle987
2uncle987-20250731192235-877198495085561,5,2uncle987
2uncle987-20250803032356-2106974666742431,5,2uncle987
2uncle987-20250801232901-871519709043894,5,2uncle987
2uncle987-20250804114651-1584728726072184,5,2uncle987
2uncle987-20250806201233-2248596649006110,6,2uncle987
2uncle987-20250908165124-1855846475059309,5,2uncle987
2uncle987-20250806173329-1406473540343086,5,2uncle987
2uncle987-20250806124808-1423801186113815,6,2uncle987
2uncle987-20250807011614-1991052871474912,3,2uncle987
2uncle987-20250807000104-922140117164322,5,2uncle987
2uncle987-20250808204854-2677698172611588,5,2uncle987
2uncle987-20250811220247-890381443607615,3,2uncle987
2uncle987-20260107152542-1281922970445838,7,2uncle987
2uncle987-20250829185155-1687852219264002,7,2uncle987
2uncle987-20250813214745-1717236835927907,7,2uncle987
2uncle987-20250813231213-1805526663476381,5,2uncle987
2uncle987-20250816015945-1577741256705796,2,2uncle987
2uncle987-20250912152945-1571799550676692,3,2uncle987
2uncle987-20250823000515-921193780867810,3,2uncle987
2uncle987-20250827182317-26149890564647885,7,2uncle987
2uncle987-20250902222325-1409127854242228,3,2uncle987
2uncle987-20250905054215-2096012087887274,5,2uncle987
2uncle987-20250906145201-2089952155187673,7,2uncle987
2uncle987-20250907014507-1543588943360733,3,2uncle987
2uncle987-20250906091440-791820440614520,6,2uncle987
2uncle987-20250914101322-1802015143825342,5,2uncle987
2uncle987-20250911000437-1940497970231946,7,2uncle987
2uncle987-20250912020821-870377799231938,5,2uncle987
2uncle987-20250912230322-1241908191407898,5,2uncle987
2uncle987-20250914023842-4244094825868346,5,2uncle987
2uncle987-20250914191412-1617503562583776,5,2uncle987
2uncle987-20250918011850-2512171755866304,5,2uncle987
2uncle987-20250919232146-661161177087855,5,2uncle987
2uncle987-20250920220010-1711457149815779,5,2uncle987
2uncle987-20250924225251-1433320834847835,5,2uncle987
2uncle987-20250925223142-1589106132308426,6,2uncle987
2uncle987-20250927231124-3281982821982035,5,2uncle987
2uncle987-20250930163118-821846233709728,3,2uncle987
2uncle987-20251001222519-1609690110064482,5,2uncle987
2uncle987-20251011234048-1591034482141885,3,2uncle987
2uncle987-20251017212102-1211169237350139,5,2uncle987
2uncle987-20251018215819-872829595754467,7,2uncle987
2uncle987-20251023164618-1216724440031164,5,2uncle987
2uncle987-20251020160138-1569385141219800,2,2uncle987
2uncle987-20251020164148-1458252856165442,7,2uncle987
2uncle987-20251022222959-728930843430134,5,2uncle987
2uncle987-20251025004544-1548094759601828,7,2uncle987
2uncle987-20251028081701-1544281183521773,7,2uncle987
2uncle987-20251027002431-1476174703851559,6,2uncle987
2uncle987-20251030185015-1836766460313336,5,2uncle987
2uncle987-20251028232109-900589689532275,5,2uncle987
2uncle987-20251031015926-1574587713863142,7,2uncle987
2uncle987-20251101215245-1984885685769000,6,2uncle987
2uncle987-20251102224041-1649225636438529,7,2uncle987
2uncle987-20251105213547-860567757030285,5,2uncle987
2uncle987-20251107080053-888847773886720,5,2uncle987
2uncle987-20251105144036-860488933466261,5,2uncle987
2uncle987-20251109014201-1165805119082284,6,2uncle987
2uncle987-20251109223801-26479977044960491,6,2uncle987
2uncle987-20251121114016-904746669181299,5,2uncle987
2uncle987-20251110194912-1183804723521674,5,2uncle987
2uncle987-20251110181600-1181716923744960,3,2uncle987
2uncle987-20251109225053-1591797558729307,7,2uncle987
2uncle987-20251111082637-33446733461641126,5,2uncle987
2uncle987-20251111183854-981068157827568,5,2uncle987
2uncle987-20251112223537-2904051996603169,5,2uncle987
2uncle987-20251113203303-865291369659947,5,2uncle987
2uncle987-20251119024055-1420079536484872,5,2uncle987
2uncle987-20251115204648-25641745128825728,5,2uncle987
2uncle987-20251121154222-1346487597234196,5,2uncle987
2uncle987-20251121021205-1771710040162734,5,2uncle987
2uncle987-20251118194013-928251456296361,5,2uncle987
2uncle987-20251120233119-920143137213086,5,2uncle987
khshu_-20250709211711-1474862327673897,3,khshu_
khshu_-20250930031151-1624378082036085,2,khshu_
khshu_-20260117084031-1282882297007252,2,khshu_
khshu_-20250706145947-1244782810914729,6,khshu_
khshu_-20250214141943-2142533299878591,2,khshu_
khshu_-20250712210437-1213351154266527,3,khshu_
khshu_-20250227210505-908662271530878,3,khshu_
khshu_-20260121093645-1399132255282272,2,khshu_
khshu_-20260103064142-1233342455437429,3,khshu_
khshu_-20250315141026-1629262918433176,2,khshu_
khshu_-20251227191335-1249017013795430,7,khshu_
khshu_-20250702072023-2258782991613101,5,khshu_
khshu_-20250803151745-1232763091670213,3,khshu_
khshu_-20250702000805-1920948728629380,3,khshu_
khshu_-20250402024013-1422132049581197,3,khshu_
khshu_-20250403165753-2079485566227807,5,khshu_
khshu_-20250727222614-1123022929834860,3,khshu_
khshu_-20250422205014-26864813379775128,7,khshu_
khshu_-20250426124009-1414713473767303,7,khshu_
khshu_-20250621142559-1234398781980407,2,khshu_
khshu_-20250625000317-1857528438223316,3,khshu_
khshu_-20250725225031-2511212535959946,3,khshu_
khshu_-20251023075709-1607655263880119,5,khshu_
khshu_-20250713011048-1610462190157355,7,khshu_
khshu_-20250806205223-2705864479806881,3,khshu_
khshu_-20250530201654-3721017778035261,5,khshu_
khshu_-20250630151731-1936535467074473,3,khshu_
khshu_-20250916093852-1214215293648441,2,khshu_
khshu_-20250725152313-2362192950870113,6,khshu_
khshu_-20250610213234-930772389898260,3,khshu_
khshu_-20250805113313-1009476938908826,3,khshu_
khshu_-20250804172325-1595328618369848,3,khshu_
khshu_-20250707084248-2222539508275514,5,khshu_
khshu_-20250707142027-908604591705749,7,khshu_
khshu_-20250806230357-1556535568973727,3,khshu_
khshu_-20250806235022-1411343207297987,3,khshu_
khshu_-20251203131056-912855011676548,7,khshu_
khshu_-20250904030222-4304325253149684,3,khshu_
khshu_-20250806023938-1414004880187965,3,khshu_
khshu_-20251119165204-2166584330839611,2,khshu_
khshu_-20250803185515-2119081165538939,5,khshu_
khshu_-20250806161514-886058810876947,5,khshu_
khshu_-20250829210641-1707551721199016,3,khshu_
khshu_-20251119165209-25620650587562329,3,khshu_
khshu_-20250831185526-1223825066371743,5,khshu_
khshu_-20250830051517-1406995330328217,5,khshu_
khshu_-20250829145913-2125960334902063,3,khshu_
khshu_-20250919224932-772579525397713,3,khshu_
khshu_-20250911175957-1383482806341854,3,khshu_
khshu_-20250911181147-1239005074898343,3,khshu_
khshu_-20250914173530-936328278744890,3,khshu_
khshu_-20251001031945-691922590574482,3,khshu_
khshu_-20251002203112-3143538762492568,3,khshu_
khshu_-20251010122040-26145106315120730,2,khshu_
khshu_-20251008185326-1217204217167707,7,khshu_
khshu_-20251015200153-893083680125065,7,khshu_
khshu_-20251018235724-1290205166420458,3,khshu_
khshu_-20251027201432-1474980154191745,6,khshu_
khshu_-20251101230014-1837397833598006,3,khshu_
khshu_-20251028034011-909806481515960,3,khshu_
khshu_-20251029171342-2028647437982284,2,khshu_
khshu_-20251101094125-2288995421597260,7,khshu_
khshu_-20251119120703-900284672693865,5,khshu_
khshu_-20251105231101-762920526412203,7,khshu_
khshu_-20251115105727-4369288499972090,7,khshu_
khshu_-20251120101248-2398540450589676,3,khshu_
khshu_-20251122042233-884991200944474,2,khshu_
khshu_-20251124013506-3344580025721947,5,khshu_
khshu_-20251222205329-2450913458660636,3,khshu_
khshu_-20251215171449-2310380529439273,3,khshu_
khshu_-20251205195610-2116343465773761,7,khshu_
khshu_-20251213230900-2322323028235973,3,khshu_
khshu_-20251226173010-25459646637040700,3,khshu_
khshu_-20251217000420-874691692107416,6,khshu_
khshu_-20251220215904-1934516204158087,3,khshu_
khshu_-20251228133052-1388935893035804,2,khshu_
khshu_-20260101183607-917845750929770,2,khshu_
khshu_-20260102015150-791357377327182,2,khshu_
5inana-20250630020712-933724415672699,2,5inana
5inana-20250113083334-1190417093169961,2,5inana
5inana-20250705163135-878390991763230,2,5inana
5inana-20250302213505-25975104132174059,2,5inana
5inana-20250711223827-928724016513950,2,5inana
5inana-20250314073432-1447074540347041,2,5inana
5inana-20250508064327-1231918062400462,2,5inana
5inana-20250511181552-3124900797698982,2,5inana
5inana-20250630024030-1454810556297106,2,5inana
5inana-20250623201712-874625972070114,2,5inana
5inana-20250701123040-937232652216330,2,5inana
5inana-20251017080541-877316665131849,2,5inana
0_shufen-20250906174039-894684720405347,2,0_shufen
0_shufen-20260108162629-1291469292822937,2,0_shufen
0_shufen-20250906132124-657432210765866,2,0_shufen
0_shufen-20250705165729-1393655405202276,2,0_shufen
0_shufen-20250904140410-1447376430235569,2,0_shufen
0_shufen-20251005004704-1312076044286364,2,0_shufen
0_shufen-20250305064036-766487259340008,2,0_shufen
0_shufen-20250911084048-896432156127037,2,0_shufen
0_shufen-20250912151159-1969397717344780,2,0_shufen
0_shufen-20250911095903-4260731734242856,2,0_shufen
0_shufen-20251210223053-1221132536826852,2,0_shufen
0_shufen-20250909231624-918933700645823,2,0_shufen
0_shufen-20250930013642-1674118730414498,2,0_shufen
0_shufen-20250305064036-1430336078496526,2,0_shufen
0_shufen-20250910181906-1712588466381954,2,0_shufen
0_shufen-20250428071951-1947389076163325,2,0_shufen
0_shufen-20250905070450-1461416632060937,2,0_shufen
0_shufen-20250910221900-1827059617975966,2,0_shufen
0_shufen-20250907052618-917708198102607,2,0_shufen
0_shufen-20250912171559-4295381947399091,2,0_shufen
0_shufen-20250903152847-2677577962592428,2,0_shufen
0_shufen-20250910221808-752521324184106,2,0_shufen
0_shufen-20260105141248-914404301125361,2,0_shufen
0_shufen-20250904190626-25726444630315954,2,0_shufen
0_shufen-20250906090959-1433691898406543,2,0_shufen
0_shufen-20250918164511-1593137371730113,2,0_shufen
0_shufen-20250904171517-1196888019196186,2,0_shufen
0_shufen-20250904152353-729899526658069,2,0_shufen
0_shufen-20250830020541-1422213052618873,2,0_shufen
0_shufen-20250903023435-2964603773749611,2,0_shufen
0_shufen-20250910134014-1227562825418616,2,0_shufen
0_shufen-20260122072714-1469676014517354,2,0_shufen
0_shufen-20250904041023-4261504497398681,2,0_shufen
0_shufen-20250905211057-1218230043289605,2,0_shufen
0_shufen-20250904190308-869130576000209,2,0_shufen
0_shufen-20250905012518-1294397242515994,2,0_shufen
0_shufen-20250910071400-935239535830022,2,0_shufen
0_shufen-20250828175421-870861292486670,2,0_shufen
0_shufen-20250903041712-1564497264617068,2,0_shufen
0_shufen-20250906073531-1252052250149346,2,0_shufen
0_shufen-20250903140356-1918596815532232,2,0_shufen
0_shufen-20250901133301-795960446842082,2,0_shufen
0_shufen-20250904165738-1944821433052326,2,0_shufen
0_shufen-20251030004616-1463068988755276,2,0_shufen
0_shufen-20251023124807-26148841931367902,2,0_shufen
0_shufen-20250902190256-1774419209918701,2,0_shufen
0_shufen-20250912002603-1449114766806030,2,0_shufen
0_shufen-20250727225336-1259903872723856,3,0_shufen
0_shufen-20250830204134-1142487931145066,2,0_shufen
0_shufen-20250724205248-907783428386427,2,0_shufen
0_shufen-20250906191843-1654263582228894,2,0_shufen
0_shufen-20250903021645-1740247386951366,2,0_shufen
0_shufen-20250907041415-776152268880837,2,0_shufen
0_shufen-20250910193009-1825911321439722,2,0_shufen
0_shufen-20250906143729-1591259341910534,2,0_shufen
0_shufen-20250910042300-4565964073636444,2,0_shufen
0_shufen-20250910162646-1552439516047192,2,0_shufen
0_shufen-20250903171136-2160370448111769,2,0_shufen
0_shufen-20250905152055-3835027656806284,3,0_shufen
0_shufen-20250912012117-1790269458323474,2,0_shufen
0_shufen-20250829032918-2798472257172872,2,0_shufen
0_shufen-20250904223800-1589940985582024,2,0_shufen
0_shufen-20250831081007-903878472291382,2,0_shufen
0_shufen-20250917190739-1971244733427815,2,0_shufen
0_shufen-20250923155056-2073803733407582,2,0_shufen
0_shufen-20250929192330-1397133678519452,2,0_shufen
0_shufen-20251005114332-1672639147236144,2,0_shufen
0_shufen-20251008045204-1973821920219234,2,0_shufen
0_shufen-20251209053058-1464077632060535,2,0_shufen
0_shufen-20251011183947-3743846762424272,2,0_shufen
0_shufen-20251020112352-1226625612257659,2,0_shufen
0_shufen-20251031110256-1879146389459228,2,0_shufen
0_shufen-20251031195201-1235106771378448,2,0_shufen
0_shufen-20251030004957-1224032665953959,2,0_shufen
0_shufen-20251103172337-25890501347256455,2,0_shufen
0_shufen-20260226011226-2920721911616960,2,0_shufen
0_shufen-20251114150902-3288154788032886,2,0_shufen
0_shufen-20251215151359-2117163152368587,2,0_shufen
0_shufen-20251208180938-882322227951342,2,0_shufen
0_shufen-20251208180741-1211721060594889,2,0_shufen
0_shufen-20251208102511-806486915785318,2,0_shufen
0_shufen-20251208135743-2660784704301085,2,0_shufen
0_shufen-20251210231544-1439731317814547,2,0_shufen
0_shufen-20251216140236-902351449062684,2,0_shufen
0_shufen-20251216184210-1158894822989695,2,0_shufen
0_shufen-20251218102358-1212158867689248,2,0_shufen
0_shufen-20251219105044-890347023736561,2,0_shufen
0_shufen-20251220143221-1256742189711687,3,0_shufen
0_shufen-20251220102723-1390814852529963,2,0_shufen
0_shufen-20251227150322-836951606034502,2,0_shufen
0_shufen-20251230212005-921660976966312,2,0_shufen
0_shufen-20251225004150-1400076305196908,2,0_shufen
0_shufen-20251225174525-788341014281509,2,0_shufen
cocowine0205-20250216054206-1243305657946990,5,cocowine0205
cocowine0205-20250216054206-1588216349111274,4,cocowine0205
cocowine0205-20250216054206-906721855402403,3,cocowine0205
cocowine0205-20250216054206-1421997639621563,5,cocowine0205
cocowine0205-20260222123148-790138397471530,5,cocowine0205
cocowine0205-20250216054206-1103541641904157,4,cocowine0205
cocowine0205-20250216054206-2661582294221300,0,cocowine0205
cocowine0205-20251211195141-1476024013877212,4,cocowine0205
cocowine0205-20250216054206-1428051818964391,3,cocowine0205
cocowine0205-20250226073802-925689863279507,5,cocowine0205
cocowine0205-20250216054206-958324206872954,4,cocowine0205
cocowine0205-20250216054206-1993407604858421,0,cocowine0205
cocowine0205-20250216054206-1820814861941394,4,cocowine0205
cocowine0205-20250216054206-4274512262859288,4,cocowine0205
cocowine0205-20250327151749-908147598744553,5,cocowine0205
cocowine0205-20250216054206-1313816733906844,4,cocowine0205
cocowine0205-20250503180941-1829417657747796,5,cocowine0205
cocowine0205-20250216054206-1986464225414377,4,cocowine0205
cocowine0205-20250803235135-1599132964460871,0,cocowine0205
cocowine0205-20250216054206-1429211071919558,5,cocowine0205
cocowine0205-20250216054206-1515779553882840,3,cocowine0205
cocowine0205-20250328223712-923523643590321,3,cocowine0205
cocowine0205-20250216054206-2326548057842256,0,cocowine0205
cocowine0205-20250216054206-1375443867957886,3,cocowine0205
cocowine0205-20250216054206-1242935414651783,5,cocowine0205
cocowine0205-20250216054206-801704859006364,5,cocowine0205
cocowine0205-20250216054207-931332009839772,4,cocowine0205
cocowine0205-20250725143629-3302868243221181,4,cocowine0205
cocowine0205-20250216054206-933015502604801,4,cocowine0205
cocowine0205-20250930161221-936700228797530,0,cocowine0205
cocowine0205-20250216054206-1627717941749202,5,cocowine0205
cocowine0205-20250216054206-702177962983851,4,cocowine0205
cocowine0205-20250216054206-909505438462305,5,cocowine0205
cocowine0205-20250216054206-3801744510132824,4,cocowine0205
cocowine0205-20250216054206-1814692689083801,0,cocowine0205
cocowine0205-20250216054206-1907503616535688,3,cocowine0205
cocowine0205-20250216054206-1533304761520515,3,cocowine0205
cocowine0205-20250216054206-2686418985091932,4,cocowine0205
cocowine0205-20250216115523-25717158014572871,4,cocowine0205
cocowine0205-20250325164105-1425085388612287,4,cocowine0205
cocowine0205-20250216054206-849725604739131,4,cocowine0205
cocowine0205-20250217100535-1617257429400233,0,cocowine0205
cocowine0205-20250402184909-2700889626941824,4,cocowine0205
cocowine0205-20250216054206-1565545781166597,4,cocowine0205
cocowine0205-20250805213924-2062244817896312,4,cocowine0205
cocowine0205-20250218031505-3426159737521994,4,cocowine0205
cocowine0205-20250804151108-1975799529679749,4,cocowine0205
cocowine0205-20250722214601-1260943239573546,4,cocowine0205
cocowine0205-20250223212504-1243831747961932,0,cocowine0205
cocowine0205-20250225000506-1451623256602505,4,cocowine0205
cocowine0205-20250222183505-913773734953549,4,cocowine0205
cocowine0205-20250807015359-2142988846447638,4,cocowine0205
cocowine0205-20250224163507-931084905961927,5,cocowine0205
cocowine0205-20250830163115-1553122652446810,4,cocowine0205
cocowine0205-20250224235504-1974873353420231,0,cocowine0205
cocowine0205-20250227174506-913390858110334,4,cocowine0205
cocowine0205-20250228163504-946179251073394,4,cocowine0205
cocowine0205-20250530034751-923806300362135,4,cocowine0205
cocowine0205-20250416190336-879647344901157,5,cocowine0205
cocowine0205-20250303135507-1619142862351422,4,cocowine0205
cocowine0205-20250304011507-1239189528328912,4,cocowine0205
cocowine0205-20250304144504-1284813203548458,4,cocowine0205
cocowine0205-20250305170505-932285329185237,4,cocowine0205
cocowine0205-20250309085507-1430224778644875,4,cocowine0205
cocowine0205-20250309130025-1626506348348725,0,cocowine0205
cocowine0205-20250306213506-1673441753639625,4,cocowine0205
cocowine0205-20250327192848-1581553449770467,4,cocowine0205
cocowine0205-20250308191504-2427497451098069,4,cocowine0205
cocowine0205-20250415014854-911135341894458,4,cocowine0205
cocowine0205-20250716170054-2364847440681608,4,cocowine0205
cocowine0205-20250311161505-851544001273017,4,cocowine0205
cocowine0205-20250502023847-1602686607646194,4,cocowine0205
cocowine0205-20250325054400-903620289129021,0,cocowine0205
cocowine0205-20250705181616-1233496735598007,4,cocowine0205
cocowine0205-20250316193508-1261975086035075,4,cocowine0205
cocowine0205-20250316211950-900940936267735,4,cocowine0205
cocowine0205-20250321205505-940529702251344,4,cocowine0205
cocowine0205-20250321234156-26722243004026406,4,cocowine0205
cocowine0205-20250319162505-2045214709674440,4,cocowine0205
cocowine0205-20250324020631-925587347004683,0,cocowine0205
cocowine0205-20250806213005-880113481523077,7,cocowine0205
cocowine0205-20250326144503-3965123943786248,4,cocowine0205
cocowine0205-20250723063700-865095349896206,4,cocowine0205
cocowine0205-20250324010506-1364771602000945,4,cocowine0205
cocowine0205-20250723023011-1248937070717147,4,cocowine0205
cocowine0205-20250324222504-848329347787078,4,cocowine0205
cocowine0205-20250330205508-912091318220237,0,cocowine0205
cocowine0205-20250712161555-1094591899497286,4,cocowine0205
cocowine0205-20250328142504-1785751072382772,4,cocowine0205
cocowine0205-20250412170507-2104391047025686,7,cocowine0205
cocowine0205-20250401035137-2015997029025395,5,cocowine0205
cocowine0205-20250401180504-1251618960509935,5,cocowine0205
cocowine0205-20250803144311-1291548276165495,4,cocowine0205
cocowine0205-20251208223742-919260051084197,0,cocowine0205
cocowine0205-20250606071544-809132625547160,5,cocowine0205
cocowine0205-20250407011506-608073989068038,6,cocowine0205
cocowine0205-20250407152505-808070598279335,4,cocowine0205
cocowine0205-20250408132508-941007494972371,4,cocowine0205
cocowine0205-20250408161505-4248586502056628,4,cocowine0205
cocowine0205-20250409164505-915400661112392,4,cocowine0205
cocowine0205-20250414103505-1447999426983633,0,cocowine0205
cocowine0205-20250413105507-1468221534879704,4,cocowine0205
cocowine0205-20250413014505-806779211758090,4,cocowine0205
cocowine0205-20250418100505-1595194578201597,4,cocowine0205
cocowine0205-20250414093504-2142528699827578,4,cocowine0205
cocowine0205-20250429204552-1419241439948389,5,cocowine0205
cocowine0205-20250416164506-953891300661194,4,cocowine0205
cocowine0205-20250928011147-2043463839546206,0,cocowine0205
cocowine0205-20250419125505-2322674868244386,4,cocowine0205
cocowine0205-20250627234511-1559847061768328,4,cocowine0205
cocowine0205-20250420202504-1184591693527664,4,cocowine0205
cocowine0205-20250530020216-1273358411524691,4,cocowine0205
cocowine0205-20250422201507-909238751864877,4,cocowine0205
cocowine0205-20250422223739-1644726683220197,4,cocowine0205
cocowine0205-20250916111649-26261918280109234,4,cocowine0205
cocowine0205-20250527231655-1250172433117203,0,cocowine0205
cocowine0205-20250425132505-2039788650202068,4,cocowine0205
cocowine0205-20250802184815-1226440952803027,4,cocowine0205
cocowine0205-20250807024052-946293531388737,4,cocowine0205
cocowine0205-20250709231038-1446263460216227,4,cocowine0205
cocowine0205-20260121041302-2509886736080941,7,cocowine0205
cocowine0205-20250430000506-898964806460564,4,cocowine0205
cocowine0205-20250722194712-919615340931962,4,cocowine0205
cocowine0205-20250505010504-1608069323736978,0,cocowine0205
cocowine0205-20260110122735-1251910806435133,3,cocowine0205
cocowine0205-20250503105506-1567121194363529,4,cocowine0205
cocowine0205-20250721183224-2447428862337966,4,cocowine0205
cocowine0205-20250503012507-1447008693671317,4,cocowine0205
cocowine0205-20250503232505-2113479022776341,4,cocowine0205
cocowine0205-20260106155240-1571110730861260,4,cocowine0205
cocowine0205-20250706125437-1648532132967962,4,cocowine0205
cocowine0205-20260106211635-4234774736833985,0,cocowine0205
cocowine0205-20250805025244-769843422475730,4,cocowine0205
cocowine0205-20250726175345-1329740125618048,4,cocowine0205
cocowine0205-20250511173505-1306380964635911,4,cocowine0205
cocowine0205-20250719154316-2160925418092953,4,cocowine0205
cocowine0205-20250510204507-1798859157453071,4,cocowine0205
cocowine0205-20250513144506-1420328646230141,4,cocowine0205
cocowine0205-20250529223141-1549587282778584,4,cocowine0205
cocowine0205-20250713235953-2328119857709113,0,cocowine0205
cocowine0205-20250513160504-1668278587688884,4,cocowine0205
cocowine0205-20250630143948-26204382615848616,4,cocowine0205
cocowine0205-20250517124508-1615635156423330,6,cocowine0205
cocowine0205-20250519002506-1439216361330474,4,cocowine0205
cocowine0205-20250707172546-3054643551591775,4,cocowine0205
cocowine0205-20250802210241-1606892420590939,4,cocowine0205
cocowine0205-20250707091117-902804939176046,4,cocowine0205
cocowine0205-20250521202505-897139963158706,0,cocowine0205
cocowine0205-20250521192507-698570256678772,4,cocowine0205
cocowine0205-20250521182504-945150058316974,4,cocowine0205
cocowine0205-20250603003504-943013918677265,4,cocowine0205
cocowine0205-20250806213547-1719059782808913,4,cocowine0205
cocowine0205-20250526143506-1623498928654204,4,cocowine0205
cocowine0205-20250707031724-1854487375269318,4,cocowine0205
cocowine0205-20250601004856-3438956366253695,0,cocowine0205
cocowine0205-20250529161503-786023720727553,4,cocowine0205
cocowine0205-20250629000106-2083469552451893,4,cocowine0205
cocowine0205-20250717114447-1426517059017128,4,cocowine0205
cocowine0205-20250602180507-1691747998681540,4,cocowine0205
cocowine0205-20250722081551-770174549109211,4,cocowine0205
cocowine0205-20250624080458-914814084633183,5,cocowine0205
cocowine0205-20250604072506-1963276564584961,5,cocowine0205
cocowine0205-20250925102003-946650791375860,0,cocowine0205
cocowine0205-20250604162505-866540543019031,5,cocowine0205
cocowine0205-20250605223503-982482647777204,5,cocowine0205
cocowine0205-20250608171505-763983316781617,5,cocowine0205
cocowine0205-20250609172505-2321130911742552,3,cocowine0205
cocowine0205-20260210004256-2353094828487455,0,cocowine0205
cocowine0205-20250622173435-1379841787161272,3,cocowine0205
cocowine0205-20250614200504-1839688696651372,3,cocowine0205
cocowine0205-20250613203505-26151453577820757,3,cocowine0205
cocowine0205-20250806193214-1256350235823037,4,cocowine0205
cocowine0205-20250708150929-1290437826273716,4,cocowine0205
cocowine0205-20250701195230-945520511338600,0,cocowine0205
cocowine0205-20250805170453-1654567639321877,4,cocowine0205
cocowine0205-20250626182326-2156538491829619,4,cocowine0205
cocowine0205-20250706162533-2111054489629804,4,cocowine0205
cocowine0205-20250630212311-1431796185356487,4,cocowine0205
cocowine0205-20250720220204-2071077387084316,4,cocowine0205
cocowine0205-20250711090842-896531263170261,0,cocowine0205
cocowine0205-20250804015918-1455352252714125,4,cocowine0205
cocowine0205-20250625232505-26604004345904478,4,cocowine0205
cocowine0205-20250730200948-1618961312562929,4,cocowine0205
cocowine0205-20250717215455-1451665210020349,4,cocowine0205
cocowine0205-20250806101814-1351122083448205,4,cocowine0205
cocowine0205-20250730070130-1930434961193744,4,cocowine0205
cocowine0205-20250929215635-1654623739228410,0,cocowine0205
cocowine0205-20250804214851-848436444914373,4,cocowine0205
cocowine0205-20250708095117-1181965597181982,4,cocowine0205
cocowine0205-20250806200700-1284573580403341,4,cocowine0205
cocowine0205-20250803085043-1499382778418587,4,cocowine0205
cocowine0205-20250715001737-918122573940980,4,cocowine0205
cocowine0205-20250728222710-966803889002864,4,cocowine0205
cocowine0205-20250709170006-1414829916391284,5,cocowine0205
cocowine0205-20250905010603-26217494917941766,0,cocowine0205
cocowine0205-20250806105146-1086409904549352,4,cocowine0205
cocowine0205-20250910033047-817459791383721,4,cocowine0205
cocowine0205-20250718073623-1214197934029736,4,cocowine0205
cocowine0205-20250806002234-1847401539301810,4,cocowine0205
cocowine0205-20250723095431-707134112391831,4,cocowine0205
cocowine0205-20250806090022-1308704444415002,4,cocowine0205
cocowine0205-20250721001254-1920751518647850,7,cocowine0205
cocowine0205-20250806234625-1254412466017346,4,cocowine0205
cocowine0205-20250719184959-4405120133143974,0,cocowine0205
cocowine0205-20250807023940-2220865661985588,4,cocowine0205
cocowine0205-20250806195150-1976047359692895,4,cocowine0205
cocowine0205-20250726140632-1211348377833639,5,cocowine0205
cocowine0205-20250727162736-25907315612258222,4,cocowine0205
cocowine0205-20250806233029-1583100049473544,4,cocowine0205
cocowine0205-20250806145528-1714735933221730,4,cocowine0205
cocowine0205-20250805210251-1341374321358066,0,cocowine0205
cocowine0205-20250805161317-2678402312523636,4,cocowine0205
cocowine0205-20250805044935-954742677227318,4,cocowine0205
cocowine0205-20250918054334-1610829640259752,4,cocowine0205
cocowine0205-20260212025100-1944754096917380,4,cocowine0205
cocowine0205-20250807011209-1438110317962514,4,cocowine0205
cocowine0205-20250803163517-1613159410000659,4,cocowine0205
cocowine0205-20260108013530-2013765459218817,0,cocowine0205
cocowine0205-20250729233505-1299540855388098,4,cocowine0205
cocowine0205-20250806003831-1959273621385512,4,cocowine0205
cocowine0205-20250806161531-1427150791672413,4,cocowine0205
cocowine0205-20250806175730-668026723061927,4,cocowine0205
cocowine0205-20250804173052-1405712077694952,4,cocowine0205
cocowine0205-20250807014436-2686769478377013,3,cocowine0205
cocowine0205-20250806235357-1661946261817799,4,cocowine0205
cocowine0205-20250811215503-1738536107109388,0,cocowine0205
cocowine0205-20250821143305-1431467961154579,7,cocowine0205
cocowine0205-20250823155509-920405300535618,4,cocowine0205
cocowine0205-20250810160505-4575375356029901,4,cocowine0205
cocowine0205-20250816004508-1540814060313864,3,cocowine0205
cocowine0205-20250816013505-967065459087244,4,cocowine0205
cocowine0205-20260214010804-1243380353980817,4,cocowine0205
cocowine0205-20250825180244-1163412352412458,3,cocowine0205
cocowine0205-20250815132510-1648171903026040,4,cocowine0205
cocowine0205-20250814223509-2164242581048516,4,cocowine0205
cocowine0205-20250816185506-1420006862563227,3,cocowine0205
cocowine0205-20250819202509-2023337158247623,4,cocowine0205
cocowine0205-20250824225043-1418437126222270,0,cocowine0205
cocowine0205-20250821135506-884995664370013,4,cocowine0205
cocowine0205-20250826124506-1431030542017008,4,cocowine0205
cocowine0205-20250823184506-1405248620913152,4,cocowine0205
cocowine0205-20250906164506-1963089287930744,4,cocowine0205
cocowine0205-20250823154508-815765688219645,4,cocowine0205
cocowine0205-20250826161508-1832026080847562,4,cocowine0205
cocowine0205-20250827230312-877536488460301,0,cocowine0205
cocowine0205-20250828184506-2067629580840137,4,cocowine0205
cocowine0205-20250827225508-1448639393335730,4,cocowine0205
cocowine0205-20250831150507-928535356332664,4,cocowine0205
cocowine0205-20250831203508-1950110528920571,4,cocowine0205
cocowine0205-20250901200507-1594278568289548,4,cocowine0205
cocowine0205-20250901203310-1482273650156920,4,cocowine0205
cocowine0205-20250902173507-943093014723240,4,cocowine0205
cocowine0205-20250902133900-1561405808309589,0,cocowine0205
cocowine0205-20250904151507-1323134719419605,4,cocowine0205
cocowine0205-20250905232509-27137858119136482,4,cocowine0205
cocowine0205-20250918095801-772801532160690,4,cocowine0205
cocowine0205-20250907164511-776282118438539,4,cocowine0205
cocowine0205-20250921171508-1462546448771413,4,cocowine0205
cocowine0205-20250909152506-1412008280706668,4,cocowine0205
cocowine0205-20250910235315-1455287069559402,0,cocowine0205
cocowine0205-20250911175505-1844079342954065,4,cocowine0205
cocowine0205-20250912224514-2004426600139128,4,cocowine0205
cocowine0205-20250913155508-1065591779116920,4,cocowine0205
cocowine0205-20260119175832-1216811146843470,4,cocowine0205
cocowine0205-20250915141508-1863045347691451,4,cocowine0205
cocowine0205-20250917130937-1442346010899010,4,cocowine0205
cocowine0205-20250917173506-954735283569543,4,cocowine0205
cocowine0205-20250921093506-1311876624111138,0,cocowine0205
cocowine0205-20250922154505-902363885907335,4,cocowine0205
cocowine0205-20250920124506-900156236121052,4,cocowine0205
cocowine0205-20250925231508-1857487088245585,4,cocowine0205
cocowine0205-20250926193508-1545577389882678,4,cocowine0205
cocowine0205-20250923215510-926635173171981,5,cocowine0205
cocowine0205-20250929110746-1695715211451972,0,cocowine0205
cocowine0205-20250925193507-1239080598347921,4,cocowine0205
cocowine0205-20250926151507-907564905507600,4,cocowine0205
cocowine0205-20250925210505-1591903741853767,4,cocowine0205
cocowine0205-20250928203506-1300792118778031,4,cocowine0205
cocowine0205-20250929141505-1283078093637638,3,cocowine0205
cocowine0205-20250928142505-890493623765536,4,cocowine0205
cocowine0205-20251108213113-2801853710206485,0,cocowine0205
cocowine0205-20251002183508-1361914258953497,4,cocowine0205
cocowine0205-20251006235505-937812772032809,4,cocowine0205
cocowine0205-20251007190507-4244981622451559,3,cocowine0205
cocowine0205-20251006224824-1399853948027855,0,cocowine0205
cocowine0205-20251008135506-26972360515699467,4,cocowine0205
cocowine0205-20251009121508-958193030219786,3,cocowine0205
cocowine0205-20251010052505-2540944382966886,4,cocowine0205
cocowine0205-20251016205812-1676558803779321,4,cocowine0205
cocowine0205-20251013170505-1758500212221784,4,cocowine0205
cocowine0205-20251015164507-1441924620720238,4,cocowine0205
cocowine0205-20251020144217-1795619057800426,0,cocowine0205
cocowine0205-20251018111508-785383667458325,4,cocowine0205
cocowine0205-20251022005506-1484992436324513,4,cocowine0205
cocowine0205-20251021213506-1191830279491127,4,cocowine0205
cocowine0205-20251020175506-950449497662257,4,cocowine0205
cocowine0205-20251021151507-2839871299692292,4,cocowine0205
cocowine0205-20251022155507-4276584225890510,4,cocowine0205
cocowine0205-20251024060427-1596042944956994,0,cocowine0205
cocowine0205-20251025053506-1570195094197586,4,cocowine0205
cocowine0205-20251024212507-1219559817001453,4,cocowine0205
cocowine0205-20251202164546-1272062048357249,7,cocowine0205
cocowine0205-20251025233509-760994600121766,4,cocowine0205
cocowine0205-20251030151507-2118316208991661,4,cocowine0205
cocowine0205-20251028003538-950096387367965,4,cocowine0205
cocowine0205-20251031174509-4331495413806525,4,cocowine0205
cocowine0205-20251101235509-1489274746136221,4,cocowine0205
cocowine0205-20251102234111-883260221378972,0,cocowine0205
cocowine0205-20251031200506-4282160852026941,4,cocowine0205
cocowine0205-20251031132507-3440440726131447,4,cocowine0205
cocowine0205-20251102174506-906216115713657,4,cocowine0205
cocowine0205-20251103224505-1698335834880691,4,cocowine0205
cocowine0205-20251103193510-1482847426878725,7,cocowine0205
cocowine0205-20251108023505-1421455029050351,4,cocowine0205
cocowine0205-20251110114608-2298827443944572,0,cocowine0205
cocowine0205-20251107215508-892604163659899,4,cocowine0205
cocowine0205-20251108181505-1585131542718175,4,cocowine0205
cocowine0205-20251109173709-943964314719940,4,cocowine0205
cocowine0205-20251113111505-890984953780732,4,cocowine0205
cocowine0205-20251111082505-989981010257868,4,cocowine0205
cocowine0205-20251128004507-1380049250472155,4,cocowine0205
cocowine0205-20251117075856-1278758837439658,0,cocowine0205
cocowine0205-20251117194508-1476946217095431,4,cocowine0205
cocowine0205-20251118230505-1637053661078698,4,cocowine0205
cocowine0205-20251115211505-887659427509213,4,cocowine0205
cocowine0205-20251116175506-947072204331168,4,cocowine0205
cocowine0205-20251122003506-935738508794998,4,cocowine0205
cocowine0205-20251118210510-1190334529841429,5,cocowine0205
cocowine0205-20251211195142-4342576159346543,0,cocowine0205
cocowine0205-20251120214504-1933085300637244,4,cocowine0205
cocowine0205-20251125150507-1669143991182070,4,cocowine0205
cocowine0205-20251122230506-2092117331581728,4,cocowine0205
cocowine0205-20251211195100-1306466994872276,4,cocowine0205
cocowine0205-20251124215509-4231750450432451,0,cocowine0205
cocowine0205-20251125130201-932046059187661,5,cocowine0205
cocowine0205-20251127230507-1487567019608534,7,cocowine0205
cocowine0205-20251201221332-1554284145682203,0,cocowine0205
cocowine0205-20251127225507-4367812873503673,4,cocowine0205
cocowine0205-20251201193506-2033052970886690,4,cocowine0205
cocowine0205-20251202082507-1686924949138697,0,cocowine0205
cocowine0205-20251203183216-4279247559004746,4,cocowine0205
cocowine0205-20251202222505-1262263415846111,4,cocowine0205
cocowine0205-20251129121352-1563564084721779,0,cocowine0205
cocowine0205-20251203235505-4409126779323344,4,cocowine0205
cocowine0205-20251203021335-1595812561623711,4,cocowine0205
cocowine0205-20251130074506-1580373849904532,0,cocowine0205
cocowine0205-20251201000505-1965552957731054,4,cocowine0205
cocowine0205-20251130233831-910567698350292,4,cocowine0205
cocowine0205-20251204204429-2254585655071764,4,cocowine0205
cocowine0205-20251201104520-1309416687765591,0,cocowine0205
cocowine0205-20251201184506-3783361185303189,4,cocowine0205
cocowine0205-20251204195505-1244419084305338,4,cocowine0205
cocowine0205-20251201210507-1335971568552948,4,cocowine0205
cocowine0205-20251202215507-1637733217236270,4,cocowine0205
cocowine0205-20251206000505-886006237843322,4,cocowine0205
cocowine0205-20251202195506-898126756139588,4,cocowine0205
cocowine0205-20251203142137-1286494823368149,4,cocowine0205
cocowine0205-20251204005039-1953966705472237,0,cocowine0205
cocowine0205-20251204205507-886859451073449,4,cocowine0205
cocowine0205-20251206021506-1409448740313995,4,cocowine0205
cocowine0205-20251206184506-2389541138157767,4,cocowine0205
cocowine0205-20251207234512-902650262517903,4,cocowine0205
cocowine0205-20251208173506-2100499637404990,4,cocowine0205
cocowine0205-20251213040505-1430197635265639,4,cocowine0205
cocowine0205-20251214232059-2043431153054488,4,cocowine0205
cocowine0205-20251215123558-814647038309132,0,cocowine0205
cocowine0205-20251215233508-2428682280885321,4,cocowine0205
cocowine0205-20251216184504-894346966929573,4,cocowine0205
cocowine0205-20251228171506-1241360020806554,4,cocowine0205
cocowine0205-20251214201510-884517667742185,4,cocowine0205
cocowine0205-20251215014508-1622053189116827,5,cocowine0205
cocowine0205-20251219213505-2093912261394232,4,cocowine0205
cocowine0205-20251219181510-1453270579589628,4,cocowine0205
cocowine0205-20251216215506-1716375339769912,7,cocowine0205
cocowine0205-20251221212614-1461110542292966,0,cocowine0205
cocowine0205-20251218224505-1230970275907976,4,cocowine0205
cocowine0205-20251223084320-1074928248178019,4,cocowine0205
cocowine0205-20251220230507-1862468941064485,4,cocowine0205
cocowine0205-20251222151507-876200725392034,4,cocowine0205
cocowine0205-20251223185509-911750481261839,7,cocowine0205
cocowine0205-20251223154505-1828593377846329,4,cocowine0205
cocowine0205-20251228185010-1458701705963474,0,cocowine0205
cocowine0205-20251225172510-923896593333722,4,cocowine0205
cocowine0205-20251227022508-1247878203431344,4,cocowine0205
cocowine0205-20251227230506-1631802181285318,4,cocowine0205
cocowine0205-20260101113506-1420215759589177,4,cocowine0205
cocowine0205-20260102233509-1481828293611317,4,cocowine0205
cocowine0205-20251231004506-1864600790905686,3,cocowine0205
cocowine0205-20260104224805-880566034807412,0,cocowine0205
cocowine0205-20260101203507-923956366853573,4,cocowine0205
cocowine0205-20260103090505-1417652339596601,4,cocowine0205
3ctim-20250218131707-939289909034385,1,3ctim
3ctim-20250218131707-1446065200228979,1,3ctim
3ctim-20250218131707-25997989476476227,3,3ctim
3ctim-20250218131707-2873351462850420,1,3ctim
3ctim-20250218131707-2271401573685683,1,3ctim
3ctim-20250218131707-1449066426911182,1,3ctim
3ctim-20250218131707-1432890131814645,1,3ctim
3ctim-20250218131707-1817270235621275,1,3ctim
3ctim-20250403223247-768562132594678,1,3ctim
3ctim-20250218131707-25772003975825997,1,3ctim
3ctim-20250218131707-1157873572946622,1,3ctim
3ctim-20250218131707-1466065781599985,1,3ctim
3ctim-20250218131707-1965299684085347,1,3ctim
3ctim-20250218131707-1272390101503609,1,3ctim
3ctim-20250218131707-1534801170921496,1,3ctim
3ctim-20250218131707-1119024960324991,1,3ctim
3ctim-20250218131707-1799843407343725,1,3ctim
3ctim-20250218131707-1573856370549552,2,3ctim
3ctim-20250218131707-1256932416382156,5,3ctim
3ctim-20250218131707-1663660458121912,1,3ctim
3ctim-20250620142306-1959334044661646,1,3ctim
3ctim-20250527203536-926544573164422,1,3ctim
3ctim-20250218131707-1299368418720585,1,3ctim
3ctim-20250218131707-4468741126742893,1,3ctim
3ctim-20250512150640-1634098784279769,5,3ctim
3ctim-20250218131707-1460689218915426,5,3ctim
3ctim-20250622023424-2395753820942549,1,3ctim
3ctim-20250218131707-729778280071831,1,3ctim
3ctim-20250430152922-1604547624188099,5,3ctim
3ctim-20250218131707-1986947205572402,1,3ctim
3ctim-20250218131707-943994917984594,1,3ctim
3ctim-20250218131707-1623286252197269,1,3ctim
3ctim-20250219172139-1661366341964183,1,3ctim
3ctim-20250220164102-982603490757745,1,3ctim
3ctim-20250428111336-1451740476685935,1,3ctim
3ctim-20250221231145-802361472211334,1,3ctim
3ctim-20250222231131-1685882542784683,1,3ctim
3ctim-20250225171146-1718534769530902,5,3ctim
3ctim-20250227183213-1995504511388569,1,3ctim
3ctim-20250615163858-1396680281736131,1,3ctim
3ctim-20250414051331-1300440308596852,1,3ctim
3ctim-20250430170045-1934832704576773,1,3ctim
3ctim-20250319040657-1631285521342545,1,3ctim
3ctim-20250303133121-1683409855964783,3,3ctim
3ctim-20250304112459-1566956174635353,1,3ctim
3ctim-20250303075110-2048555125712945,1,3ctim
3ctim-20250305022713-1372474867985177,1,3ctim
3ctim-20250806183907-1181582654051466,1,3ctim
3ctim-20250308185627-1496856568711482,1,3ctim
3ctim-20250507091959-1620515565532668,1,3ctim
3ctim-20250311165135-1451722966668313,3,3ctim
3ctim-20250313180108-1201485795306536,3,3ctim
3ctim-20250313225144-791068194015340,1,3ctim
3ctim-20250503155947-2365313317214942,1,3ctim
3ctim-20250315191132-897513146480580,1,3ctim
3ctim-20250318171137-1214053570908000,5,3ctim
3ctim-20250430084647-1947699392766993,1,3ctim
3ctim-20250401064758-1264157409251678,1,3ctim
3ctim-20250502155053-33919521414329912,1,3ctim
3ctim-20250323193226-3852503438389108,1,3ctim
3ctim-20250325164114-2055949308307092,7,3ctim
3ctim-20250327192147-2480578109050739,1,3ctim
3ctim-20250613035657-782824927708782,5,3ctim
3ctim-20250805015742-1642763343415688,1,3ctim
3ctim-20250328132142-755172230718455,1,3ctim
3ctim-20250401231102-1647341902949078,1,3ctim
3ctim-20250430034723-892568143753902,6,3ctim
3ctim-20251216232224-1235541718669094,5,3ctim
3ctim-20250406230119-1392376415511564,1,3ctim
3ctim-20250406145108-916583577789218,1,3ctim
3ctim-20250408104140-1416916646882440,5,3ctim
3ctim-20250408165134-944121274625360,1,3ctim
3ctim-20250416155544-27151682807765613,1,3ctim
3ctim-20250505171812-673772525793264,1,3ctim
3ctim-20250413102133-2100774964055637,1,3ctim
3ctim-20250415171116-1228627415563086,1,3ctim
3ctim-20250416141117-2420063261760627,1,3ctim
3ctim-20250418235420-1981429639385620,1,3ctim
3ctim-20250418223138-1624543055346222,1,3ctim
3ctim-20250601131430-4300414386841372,1,3ctim
3ctim-20250422164212-923952750811612,5,3ctim
3ctim-20250514053600-1704118937218177,1,3ctim
3ctim-20250425084118-1248647576598878,1,3ctim
3ctim-20250429144039-964673666221663,1,3ctim
3ctim-20250806224914-1220129623651118,1,3ctim
3ctim-20250505113143-1249094966678777,1,3ctim
3ctim-20250628214411-913524181640893,1,3ctim
3ctim-20250728211729-4253764708217127,1,3ctim
3ctim-20250511131241-1953867851875776,1,3ctim
3ctim-20250508225059-1238949447797046,1,3ctim
3ctim-20250510175216-2826274974381612,1,3ctim
3ctim-20250511125148-917312697361854,1,3ctim
3ctim-20250511183206-912005724783265,1,3ctim
3ctim-20250517010716-1640290967406995,1,3ctim
3ctim-20250522082326-890707130495249,1,3ctim
3ctim-20250908172749-1273059391401971,1,3ctim
3ctim-20250520214433-1538770293895787,1,3ctim
3ctim-20250603120631-1041859465668880,5,3ctim
3ctim-20250523193134-804133289370805,1,3ctim
3ctim-20250524182119-1471643031330054,1,3ctim
3ctim-20250523195939-1536715144090872,1,3ctim
3ctim-20250526214204-1239613114327580,1,3ctim
3ctim-20250803161442-1230699598671438,3,3ctim
3ctim-20250707074558-845160881912422,1,3ctim
3ctim-20250531185131-941683131877185,1,3ctim
3ctim-20250602221203-1583923876199455,1,3ctim
3ctim-20250704053223-1580999579898492,1,3ctim
3ctim-20251213231917-26527382100202247,1,3ctim
3ctim-20250607120137-1212212424403534,5,3ctim
3ctim-20250609165053-1591963128799027,2,3ctim
3ctim-20250622025712-3374920482676618,1,3ctim
3ctim-20250608194354-1123496349832176,1,3ctim
3ctim-20250612134446-817735278004644,1,3ctim
3ctim-20250612122527-713765465154509,1,3ctim
3ctim-20250612223111-1105167601736637,1,3ctim
3ctim-20250803215320-2084553492391263,1,3ctim
3ctim-20250615010414-1408590910922112,1,3ctim
3ctim-20250710214604-922917733599455,1,3ctim
3ctim-20250617104639-935886705577539,1,3ctim
3ctim-20250617211140-935122355869116,1,3ctim
3ctim-20250617030629-1205810704640214,1,3ctim
3ctim-20250722092344-971625968867868,1,3ctim
3ctim-20250621185103-908145921798143,1,3ctim
3ctim-20250621103140-893885376873503,1,3ctim
3ctim-20250624160221-1809405863085268,1,3ctim
3ctim-20250625183050-1439255734568149,1,3ctim
3ctim-20250705170115-888620987328866,1,3ctim
3ctim-20250722111643-1758789861948341,1,3ctim
3ctim-20250707123114-1160356916024399,1,3ctim
3ctim-20260116160835-1477197987405906,5,3ctim
3ctim-20250702175215-3366914950152492,1,3ctim
3ctim-20250703182100-1560286388607182,1,3ctim
3ctim-20250705185106-1826553664695824,1,3ctim
3ctim-20250705212114-1614050819629913,1,3ctim
3ctim-20250710010743-1661758661928596,1,3ctim
3ctim-20250708161218-1154308373377411,1,3ctim
3ctim-20250712110723-904648092265194,1,3ctim
3ctim-20250712171201-901872452559484,1,3ctim
3ctim-20250712165345-1321430193179778,1,3ctim
3ctim-20250802224301-1673255136990309,1,3ctim
3ctim-20250713172219-834625489629909,1,3ctim
3ctim-20251008143441-1676041083552477,5,3ctim
3ctim-20250718170858-1234257538686620,1,3ctim
3ctim-20250724103050-1309722877657935,1,3ctim
3ctim-20250719081209-955041224050420,1,3ctim
3ctim-20250729224257-1800800993920088,1,3ctim
3ctim-20250725235531-1240580774234403,1,3ctim
3ctim-20250722161208-944602358137645,1,3ctim
3ctim-20250724150653-1596444091500144,1,3ctim
3ctim-20250727170808-1280519970636060,1,3ctim
3ctim-20250803085527-1638715790473885,2,3ctim
3ctim-20250802174109-917601830862807,5,3ctim
3ctim-20250802223959-4531487993799832,1,3ctim
3ctim-20250727233113-1262825889061311,1,3ctim
3ctim-20250802004950-1597284758268225,1,3ctim
3ctim-20250802183111-1556151332110212,1,3ctim
3ctim-20250806133921-900525832689001,1,3ctim
3ctim-20250806095223-936853338855049,1,3ctim
3ctim-20250807183604-1572803477338290,1,3ctim
3ctim-20250809190132-2554317405003752,1,3ctim
3ctim-20250811160214-1279987297354479,1,3ctim
3ctim-20250812105151-1659401605070990,1,3ctim
3ctim-20250812233202-897084423089922,1,3ctim
3ctim-20250817004708-912177854769538,1,3ctim
3ctim-20250816233207-1638472780920446,1,3ctim
3ctim-20250914160559-3293185147503193,3,3ctim
3ctim-20250821183227-1217579393874534,1,3ctim
3ctim-20250823164523-1450302350057977,1,3ctim
3ctim-20250824125236-904355845849751,5,3ctim
3ctim-20250826200241-1551268992602081,1,3ctim
3ctim-20250828180249-1554257725875849,1,3ctim
3ctim-20250827094346-34458301803760746,1,3ctim
3ctim-20250904180700-1391412132669172,1,3ctim
3ctim-20250901162230-1474218887664375,1,3ctim
3ctim-20250902162239-25908113758845019,1,3ctim
3ctim-20250904183215-887553450946927,1,3ctim
3ctim-20250907111142-1630446911471930,1,3ctim
3ctim-20250909034239-1447610416711576,1,3ctim
3ctim-20250909200219-933846035773803,1,3ctim
3ctim-20250924203006-750744867890345,1,3ctim
3ctim-20250910200137-890393203778510,1,3ctim
3ctim-20250913145554-1275542388047758,1,3ctim
3ctim-20250914023021-1621533138981341,1,3ctim
3ctim-20250914211139-915192644816996,1,3ctim
3ctim-20250915172644-1164545035648547,1,3ctim
3ctim-20250915175131-767336012702107,1,3ctim
3ctim-20250916204317-26521802454069756,1,3ctim
3ctim-20250920234731-812158658562132,1,3ctim
3ctim-20250919000356-2629104364156686,1,3ctim
3ctim-20250919225243-1449076027006992,1,3ctim
3ctim-20250923095119-2768157266875465,1,3ctim
3ctim-20250919133635-1608299370190521,1,3ctim
3ctim-20250920173747-1598848171439200,1,3ctim
3ctim-20250920131222-1292919622708315,1,3ctim
3ctim-20250922184236-947309284294874,1,3ctim
3ctim-20251007231205-902090562529617,1,3ctim
3ctim-20250922185417-1255537252588457,1,3ctim
3ctim-20250924120008-1980079992929888,1,3ctim
3ctim-20250926183905-921311643638096,1,3ctim
3ctim-20251001013508-1290309693002457,1,3ctim
3ctim-20250928184048-1670787694081538,5,3ctim
3ctim-20250929190257-2331875233946168,1,3ctim
3ctim-20251003220004-2157680088319735,1,3ctim
3ctim-20251003005923-1596475211603068,1,3ctim
3ctim-20251004205205-1662672478085749,1,3ctim
3ctim-20251008224135-1414843726635978,1,3ctim
3ctim-20251006193215-1865982674791103,1,3ctim
3ctim-20251007232205-840194569032319,1,3ctim
3ctim-20251008201302-1271101254942180,5,3ctim
3ctim-20251009201007-1287495876772874,1,3ctim
3ctim-20251010224640-1361824715964622,1,3ctim
3ctim-20251012102105-3422345764584871,1,3ctim
3ctim-20251013181132-1561305481618827,1,3ctim
3ctim-20251219115944-837203409376219,1,3ctim
3ctim-20251016072011-24390670230630877,1,3ctim
3ctim-20251017195946-1481156210102696,1,3ctim
3ctim-20251017021146-1249899950435546,1,3ctim
3ctim-20251018002524-1228193055645128,1,3ctim
3ctim-20251019012453-2646278292424640,1,3ctim
3ctim-20251020184238-937408758957226,1,3ctim
3ctim-20251019164330-1330326845518798,1,3ctim
3ctim-20251020011220-1602773417510870,1,3ctim
3ctim-20251022121006-910368951755116,1,3ctim
3ctim-20251022023009-903252018966408,1,3ctim
3ctim-20251024113006-1515410547261079,1,3ctim
3ctim-20251026000008-878872928245287,1,3ctim
3ctim-20251027003005-717245764689153,1,3ctim
3ctim-20251026213007-1967339570551108,1,3ctim
3ctim-20251028154739-1457526905947394,5,3ctim
3ctim-20251029200008-1395615715924265,1,3ctim
3ctim-20251030125006-2030137207917065,1,3ctim
3ctim-20251031215006-874197682336903,1,3ctim
3ctim-20251102024008-2095104467919812,1,3ctim
3ctim-20251105173121-1614663203210566,2,3ctim
3ctim-20251106010007-1491724672321300,1,3ctim
3ctim-20251108100005-1368460571967272,1,3ctim
3ctim-20251109090006-1474871880949605,1,3ctim
3ctim-20251111063007-1278857347462438,1,3ctim
3ctim-20251112045007-906292525702167,1,3ctim
3ctim-20260108124148-1457669372549473,1,3ctim
3ctim-20251114091009-2341574769706070,1,3ctim
3ctim-20251119135251-1961954941111569,1,3ctim
3ctim-20251116083545-1592543738463455,5,3ctim
3ctim-20251115224038-1633178147704489,5,3ctim
3ctim-20251118205006-1301616688516427,1,3ctim
3ctim-20251120142006-2000538474229627,1,3ctim
3ctim-20251120211226-1235954941414166,1,3ctim
3ctim-20251122231010-1499915831712918,1,3ctim
3ctim-20251124100008-3871038986359432,1,3ctim
3ctim-20251128185950-1222577569988423,1,3ctim
3ctim-20251124160006-4217155418537040,1,3ctim
3ctim-20251201110007-1850448625662510,5,3ctim
3ctim-20251126220016-886801670775307,2,3ctim
3ctim-20251128220406-1592832011984521,5,3ctim
3ctim-20251128194007-1258815225580939,1,3ctim
3ctim-20251219120526-921182840383536,1,3ctim
3ctim-20251201170005-1180349300840236,1,3ctim
3ctim-20251203110005-3451774374973503,1,3ctim
3ctim-20251206025006-897671173164914,1,3ctim
3ctim-20251205025123-1500997828361750,1,3ctim
3ctim-20251205132007-1446457060254563,1,3ctim
3ctim-20251208041007-2159636701532809,1,3ctim
3ctim-20251209100011-1581253989586705,1,3ctim
3ctim-20251209012010-1221596393508394,1,3ctim
3ctim-20251209212007-26202451339388144,1,3ctim
3ctim-20251211175009-930349256181482,1,3ctim
3ctim-20251214162130-1586180939345459,7,3ctim
3ctim-20251215092006-1815070719192061,1,3ctim
3ctim-20251217092008-921158790269843,1,3ctim
3ctim-20251217082506-2130028241065529,1,3ctim
3ctim-20251218180007-1239742787481627,1,3ctim
3ctim-20251221163009-1413939933200411,1,3ctim
3ctim-20251222224006-1447586326768023,3,3ctim
3ctim-20251224130007-2093072114783803,1,3ctim
3ctim-20251226193006-1734280297533058,1,3ctim
3ctim-20251229175006-1434619341348997,1,3ctim
3ctim-20251229204009-1493581312334637,1,3ctim
3ctim-20251230191005-940515681644966,1,3ctim
3ctim-20260103004008-25924124177208382,1,3ctim
3ctim-20260106173005-1980985655846717,1,3ctim
3ctim-20260103235619-1971451643808436,2,3ctim
